Feature,Type_feature,Hierarchy_feature,Interaction_feature,MutuallyExclusive_Feature,Num_LOC,Granularity_feature,Num_Smells,Project,Generator
TANKWAR,And-Mandatory,Parent,No-Dep,No-ME,1054,NA,0,TKW,AHEAD
PLATFORM,Abstract-Mandatory,Parent,No-Dep,No-ME,NA,NA,NA,TKW,AHEAD
PC,Alt-Mandatory,Child,Required,Mutually-Exclusive,666,Coarse,36,TKW,AHEAD
HANDY,Alt-Mandatory,Child,Required,Mutually-Exclusive,666,Coarse,37,TKW,AHEAD
TANKS,Abstract-Mandatory,Parent,No-Dep,No-ME,NA,NA,NA,TKW,AHEAD
USA_M1Abrams,Or-Mandatory,Child,No-Dep,No-ME,9,Fine,1,TKW,AHEAD
Germany-Leopard,Or-Mandatory,Child,No-Dep,No-ME,9,Fine,1,TKW,AHEAD
China-Type99,Or-Mandatory,Child,No-Dep,No-ME,9,Fine,1,TKW,AHEAD
LANGUAGE,Abstract-Mandatory,Parent,No-Dep,No-ME,NA,NA,NA,TKW,AHEAD
EN,Alt-Mandatory,Child,No-Dep,Mutually-Exclusive,19,Fine,0,TKW,AHEAD
DE,Alt-Mandatory,Child,No-Dep,Mutually-Exclusive,19,Fine,0,TKW,AHEAD
AI,Abstract-Mandatory,Parent,No-Dep,No-ME,NA,NA,NA,TKW,AHEAD
EASY,Alt-Mandatory,Child,No-Dep,Mutually-Exclusive,16,Fine,3,TKW,AHEAD
HARD,Alt-Mandatory,Child,No-Dep,Mutually-Exclusive,50,Fine,3,TKW,AHEAD
RECORD,Abstract-Optional,Parent,No-Dep,No-ME,29,NA,NA,TKW,AHEAD
RE_FUER_PC,Alt-Mandatory,Child,Requester,Mutually-Exclusive,183,Coarse,8,TKW,AHEAD
RE_FUER_HANDY,Alt-Mandatory,Child,Requester,Mutually-Exclusive,314,Coarse,8,TKW,AHEAD
EXPLODIEREN,And-Optional,Child,No-Dep,No-ME,147,Coarse,1,TKW,AHEAD
TOOLS,Abstract-Optional,Parent,Requester-Required,No-ME,88,NA,NA,TKW,AHEAD
BESCHLEUNIGUNG,Or-Mandatory,Child,No-Dep,No-ME,51,Fine,3,TKW,AHEAD
EINFRIEREN,Or-Mandatory,Child,No-Dep,No-ME,56,Fine,3,TKW,AHEAD
BOMBE,Or-Mandatory,Child,No-Dep,No-ME,43,Fine,3,TKW,AHEAD
ENERGIE,Or-Mandatory,Child,No-Dep,No-ME,32,Fine,3,TKW,AHEAD
FEUCRKRAFT,Or-Mandatory,Child,No-Dep,No-ME,50,Fine,3,TKW,AHEAD
MARS,Or-Mandatory,Child,No-Dep,No-ME,51,Fine,3,TKW,AHEAD
SOUNDEFFECT,And-Optional,Parent,No-Dep,No-ME,NA,NA,0,TKW,AHEAD
SOUND_FUER_PC,Alt-Mandatory,Child,Requester,Mutually-Exclusive,120,Coarse,5,TKW,AHEAD
SOUND_FUER_HANDY,Alt-Mandatory,Child,Requester,Mutually-Exclusive,160,Coarse,6,TKW,AHEAD
GUI,Abstract-Mandatory,Parent,No-Dep,No-ME,NA,NA,NA,TKW,AHEAD
MAP_S,Abstract-Mandatory,Parent,No-Dep,No-ME,NA,NA,NA,TKW,AHEAD
M_240,Alt-Mandatory,Child,No-Dep,Mutually-Exclusive,6,Fine,1,TKW,AHEAD
M_600,Alt-Mandatory,Child,No-Dep,Mutually-Exclusive,6,Fine,1,TKW,AHEAD
M_780,Alt-Mandatory,Child,No-Dep,Mutually-Exclusive,6,Fine,1,TKW,AHEAD
IMAGE,And-Optional,Parent,Requester-required,No-ME,141,NA,0,TKW,AHEAD
FUER_PC,And-Optional,Child,Requester-required,No-ME,325,Coarse,3,TKW,AHEAD
FUER_HANDY,And-Optional,Child,Requester-required,No-ME,325,Coarse,3,TKW,AHEAD
IMG_TOOL,And-Optional,Child,Requester-required,No-ME,24,Coarse,0,TKW,AHEAD
Base,And-Mandatory,Child,No-Dep,No-ME,723,Coarse,7,ELV,FH
Weight,And-Optional,Child,Required,No-ME,14,Coarse,1,ELV,FH
 Empty,And-Optional,Child,No-Dep,No-ME,69,Fine,6,ELV,FH
Twothirdsfull,And-Optional,Child,Requester,No-ME,39,Coarse,2,ELV,FH
Executivefloor,And-Optional,Child,No-Dep,No-ME,31,Coarse,2,ELV,FH
Overloaded,And-Optional,Child,Requester,No-ME,24,Coarse,0,ELV,FH
Base,And-Mandatory,Child,No-Dep,No-ME,2187,Coarse,7,ZPM,AHEAD
Compression,Abstract-Mandatory,Parent,No-Dep,No-ME,NA,NA,0,ZPM,AHEAD
Compress,And-Mandatory,Child,No-Dep,MultuallyExclusive,925,Coarse,9,ZPM,AHEAD
GZIP,And-Optional,Child,No-Dep,MultuallyExclusive,147,Coarse,6,ZPM,AHEAD
Extract,And-Optional,Child,No-Dep,MultuallyExclusive,270,Coarse,5,ZPM,AHEAD
ArchiveCheck,And-Optional,Child,No-Dep,No-ME,13,Fine,0,ZPM,AHEAD
Checksum,Abstract-Mandatory,Parent,No-Dep,No-ME,NA,NA,0,ZPM,AHEAD
CRC,And-Optional,Child,Required,MultuallyExclusive,53,Coarse,0,ZPM,AHEAD
Adler32Checksum,And-Optional,Child,No-Dep,MultuallyExclusive,107,Coarse,0,ZPM,AHEAD
Derivatives,Abstract-Optional,Parent,No-Dep,No-ME,NA,NA,0,ZPM,AHEAD
DerivativeGZIPCRC,And-Optional,Child,No-Dep,MultuallyExclusive,24,Coarse,0,ZPM,AHEAD
DerivativeCompressCRC,And-Optional,Child,No-Dep,MultuallyExclusive,13,Coarse,0,ZPM,AHEAD
DerivativeExtractCRC,And-Optional,Child,No-Dep,MultuallyExclusive,36,Fine,1,ZPM,AHEAD
DerivativeCompressGZIP,And-Optional,Child,No-Dep,MultuallyExclusive,55,Coarse,3,ZPM,AHEAD
DerivativeCompressAdler32Checksum,And-Optional,Child,No-Dep,MultuallyExclusive,43,Fine,0,ZPM,AHEAD
DerivativeCompressGZIPCRC,And-Optional,Child,No-Dep,MultuallyExclusive,16,Fine,0,ZPM,AHEAD
Usuario,And-Mandatory,Parent,No-Dep,No-ME,2446,Coarse,19,WST,CC
UsuarioCadastrar,And-Mandatory,Child,No-Dep,No-ME,NA,NA,0,WST,CC
UsuarioEditar,And-Mandatory,Parent,No-Dep,No-ME,NA,NA,0,WST,CC
UsuarioExcluir,Or-Mandatory,Child,No-Dep,No-ME,NA,NA,0,WST,CC
UsuarioMudarTipoConta,Or-Mandatory,Child,No-Dep,No-ME,NA,NA,0,WST,CC
UsuarioVisualizarPerfil,And-Mandatory,Child,No-Dep,No-ME,NA,NA,0,WST,CC
UsuarioAlterar,And-Mandatory,Child,No-Dep,No-ME,NA,NA,0,WST,CC
UsuarioStatus,And-Optional,Child,No-Dep,No-ME,144,Coarse,8,WST,CC
UsuarioNotificar,And-Optional,Child,No-Dep,No-ME,27,Coarse,3,WST,CC
Produto,And-Mandatory,Parent,No-Dep,No-ME,625,Coarse,8,WST,CC
ProdutoCadastrar,And-Mandatory,Parent,No-Dep,No-ME,NA,NA,0,WST,CC
ProdutoVender,And-Mandatory,Child,No-Dep,No-ME,NA,NA,0,WST,CC
ProdutoConsultar,And-Mandatory,Parent,No-Dep,No-ME,NA,NA,0,WST,CC
ProdutoVerDetalhes,And-Mandatory,Child,No-Dep,No-ME,NA,NA,0,WST,CC
ProdutoAlterar,And-Mandatory,Child,No-Dep,No-ME,NA,NA,0,WST,CC
ProdutoExcluir,And-Mandatory,Child,No-Dep,No-ME,NA,NA,0,WST,CC
ProdutoComprar,And-Mandatory,Child,No-Dep,No-ME,NA,NA,0,WST,CC
ProdutoAcompanharCompra,And-Mandatory,Child,No-Dep,No-ME,NA,NA,0,WST,CC
CategoriaProduto,And-Optional,Parent,No-Dep,No-ME,527,Coarse,3,WST,CC
CategoriaCadastrar,And-Mandatory,Child,No-Dep,No-ME,42,Coarse,1,WST,CC
CategoriaConsultar,And-Mandatory,Child,No-Dep,No-ME,69,Coarse,1,WST,CC
CategoriaAlterar,And-Mandatory,Child,No-Dep,No-ME,125,Coarse,1,WST,CC
CategoriaExcluir,And-Mandatory,Child,No-Dep,No-ME,39,Coarse,1,WST,CC
Comunicacao,And-Optional,Parent,No-Dep,No-ME,1135,Coarse,16,WST,CC
BugTrack,And-Optional,Parent,No-Dep,No-ME,560,Coarse,7,WST,CC
BugTrackCadastrar,And-Mandatory,Child,No-Dep,No-ME,527,Fine,10,WST,CC
BugTrackConsultar,And-Mandatory,Child,No-Dep,No-ME,527,Fine,14,WST,CC
BugTrackAlterar,And-Optional,Child,No-Dep,No-ME,527,Fine,8,WST,CC
BugTrackExcluir,And-Mandatory,Child,No-Dep,No-ME,527,Fine,9,WST,CC
Faq,And-Optional,Parent,No-Dep,No-ME,499,Coarse,10,WST,CC
FaqConsultar,And-Mandatory,Child,No-Dep,No-ME,176,Fine,7,WST,CC
FaqCadastrar,And-Mandatory,Child,No-Dep,No-ME,176,Fine,8,WST,CC
FaqAlterar,And-Mandatory,Child,No-Dep,No-ME,176,Fine,9,WST,CC
FaqExcluir,And-Mandatory,Child,No-Dep,No-ME,176,Fine,8,WST,CC
FaleConosco,And-Optional,Parent,No-Dep,No-ME,76,Coarse,1,WST,CC
EnviarMensagem,And-Mandatory,Child,No-Dep,No-ME,135,Coarse,6,WST,CC
CarrinhoCompras,And-Mandatory,Parent,No-Dep,No-ME,629,Coarse,21,WST,CC
CarrinhoVisualizarProdutos,And-Mandatory,Child,No-Dep,No-ME,NA,NA,0,WST,CC
CarrinhoRemoverProdutos,And-Mandatory,Child,No-Dep,No-ME,NA,NA,0,WST,CC
CarrinhoFinalizarCompras,And-Mandatory,Parent,No-Dep,No-ME,289,Fine,10,WST,CC
Pagamento,And-Mandatory,Parent,No-Dep,No-ME,51,Coarse,5,WST,CC
PgtoCartaoCredito,Or-Mandatory,Child,No-Dep,No-ME,114,Coarse,5,WST,CC
PgtoCupomDesconto,Or-Mandatory,Child,No-Dep,No-ME,59,Coarse,4,WST,CC
PgtoBoletoBancario,Or-Mandatory,Child,No-Dep,No-ME,53,Coarse,3,WST,CC
EmbrulharPresente,And-Optional,Parent,No-Dep,No-ME,167,Coarse,1,WST,CC
EscreverCartaoPresente,And-Optional,Child,No-Dep,No-ME,75,Coarse,2,WST,CC
Access_Control,And-Mandatory,Child,No-Dep,No-ME,96,Coarse,1,WHS,CC
User,And-Mandatory,Parent,No-Dep,No-ME,84,Coarse,1,WHS,CC
Add_User,And-Mandatory,Child,No-Dep,No-ME,116,Coarse,2,WHS,CC
Edit_User,And-Mandatory,Child,No-Dep,No-ME,119,Coarse,2,WHS,CC
Remove_User,And-Optional,Child,No-Dep,No-ME,20,Coarse,0,WHS,CC
Product,And-Mandatory,Parent,No-Dep,No-ME,267,Coarse,1,WHS,CC
Add_Product,And-Mandatory,Child,No-Dep,No-ME,30,Coarse,1,WHS,CC
Edit_Product,And-Mandatory,Child,No-Dep,No-ME,44,Coarse,1,WHS,CC
Remove_Product,And-Optional,Child,No-Dep,No-ME,67,Coarse,0,WHS,CC
Acquisition,And-Mandatory,Child,No-Dep,No-ME,87,Coarse,1,WHS,CC
Shopping_Cart,And-Mandatory,Parent,No-Dep,No-ME,329,Coarse,2,WHS,CC
New_Shopping_Cart,And-Mandatory,Child,No-Dep,No-ME,120,Coarse,2,WHS,CC
Edit_Shopping_Cart,And-Mandatory,Child,No-Dep,No-ME,121,Coarse,2,WHS,CC
Remove_Shopping_Cart,And-Optional,Child,No-Dep,No-ME,63,Coarse,1,WHS,CC
Ordering,And-Mandatory,Child,No-Dep,No-ME,194,Coarse,1,WHS,CC
Avaliability_Checking,And-Mandatory,Child,No-Dep,No-ME,89,Coarse,1,WHS,CC
Billing,Abstract-Mandatory,Parent,No-Dep,No-ME,NA,NA,1,WHS,CC
Billing_withDiscounting,Alt-Mandatory,Child,No-Dep,No-ME,157,Fine,3,WHS,CC
Normal_Billing,Alt-Mandatory,Child,No-Dep,No-ME,101,Coarse,2,WHS,CC
Payment,And-Mandatory,Parent,No-Dep,No-ME,116,Coarse,2,WHS,CC
Credit_Card,Or-Mandatory,Child,No-Dep,No-ME,135,Coarse,4,WHS,CC
Debit_Card,Or-Mandatory,Child,No-Dep,No-ME,135,Coarse,4,WHS,CC
Shipping,And-Mandatory,Child,No-Dep,No-ME,73,Coarse,1,WHS,CC
Status_Monitoring,And-Optional,Child,No-Dep,No-ME,63,Coarse,0,WHS,CC
Additional,Abstract-Optional,Parent,Requester,No-ME,NA,NA,0,VLT,AHEAD
CommandLine,Or-Mandatory,Child,Requester,No-ME,20,Fine,1,VLT,AHEAD
VersionChecker,Or-Mandatory,Child,No-Dep,No-ME,51,Coarse,0,VLT,AHEAD
VioletFilter,Or-Mandatory,Child,Requester,No-ME,7,Fine,0,VLT,AHEAD
ImageFilter,Or-Mandatory,Child,Requester,No-ME,NA,NA,0,VLT,AHEAD
SetTitle,Or-Mandatory,Child,No-Dep,No-ME,22,Coarse,0,VLT,AHEAD
Preferences,Or-Mandatory,Child,No-Dep,No-ME,112,Coarse,0,VLT,AHEAD
Help,Abstract-Optional,Parent,Requester,No-ME,NA,NA,0,VLT,AHEAD
About,Or-Mandatory,Child,No-Dep,No-ME,41,Fine,0,VLT,AHEAD
License,Or-Mandatory,Child,No-Dep,No-ME,60,Fine,0,VLT,AHEAD
HelpMenu,And-Optional,Child,Required,No-ME,4,Fine,0,VLT,AHEAD
Window,Abstract-Optional,Parent,Requester,No-ME,NA,NA,0,VLT,AHEAD
CloseWindow,Or-Mandatory,Child,No-Dep,No-ME,34,Fine,1,VLT,AHEAD
RestoreWindow,Or-Mandatory,Child,No-Dep,No-ME,34,Fine,0,VLT,AHEAD
MaximizeWindow,Or-Mandatory,Child,No-Dep,No-ME,34,Fine,0,VLT,AHEAD
PreviousWindow,Or-Mandatory,Child,No-Dep,No-ME,50,Fine,0,VLT,AHEAD
NextWindow,Or-Mandatory,Child,No-Dep,No-ME,50,Fine,0,VLT,AHEAD
WindowMenu,And-Optional,Child,Required,No-ME,4,Fine,0,VLT,AHEAD
View,Abstract-Optional,Parent,Requester,No-ME,NA,NA,0,VLT,AHEAD
LookAndFeel,Or-Mandatory,Child,No-Dep,No-ME,50,Coarse,0,VLT,AHEAD
ZoomOut,Or-Mandatory,Child,No-Dep,No-ME,24,Fine,0,VLT,AHEAD
ZoomIn,Or-Mandatory,Child,No-Dep,No-ME,24,Fine,0,VLT,AHEAD
GrowDrawingArea,Or-Mandatory,Child,No-Dep,No-ME,36,Fine,0,VLT,AHEAD
ClipDrawingArea,Or-Mandatory,Child,No-Dep,No-ME,30,Fine,1,VLT,AHEAD
SmallerGrid,Or-Mandatory,Child,No-Dep,No-ME,15,Fine,0,VLT,AHEAD
LargerGrid,Or-Mandatory,Child,No-Dep,No-ME,24,Fine,0,VLT,AHEAD
HideGrid,Or-Mandatory,Child,No-Dep,No-ME,60,Coarse,0,VLT,AHEAD
ViewMenu,And-Optional,Parent,No-Dep,No-ME,4,Fine,0,VLT,AHEAD
Edit,Abstract-Optional,Parent,Requester,No-ME,NA,NA,0,VLT,AHEAD
EditProperties,Or-Mandatory,Child,No-Dep,No-ME,26,Fine,0,VLT,AHEAD
DeleteItem,Or-Mandatory,Child,No-Dep,No-ME,23,Fine,1,VLT,AHEAD
SelectNext,Or-Mandatory,Child,No-Dep,No-ME,24,Fine,0,VLT,AHEAD
SelectPrevious,Or-Mandatory,Child,No-Dep,No-ME,26,Fine,0,VLT,AHEAD
EditMenu,And-Optional,Child,Required,No-ME,4,Fine,0,VLT,AHEAD
ClassDiagram,Abstract-Optional,Parent,Requester,No-ME,NA,NA,4,VLT,AHEAD
ClassNode,Or-Mandatory,Child,Required,No-ME,1,Fine,0,VLT,AHEAD
InterfaceNode,Or-Mandatory,Child,No-Dep,No-ME,1,Fine,0,VLT,AHEAD
PackageNode,Or-Mandatory,Child,No-Dep,No-ME,1,Fine,0,VLT,AHEAD
ClassNoteNode,Or-Mandatory,Child,Required,No-ME,1,Fine,0,VLT,AHEAD
ClassDependencyEdge,Or-Mandatory,Child,Requester,No-ME,4,Fine,0,VLT,AHEAD
ClassInheritanceEdge,Or-Mandatory,Child,Requester,No-ME,4,Fine,0,VLT,AHEAD
ClassAggregationEdge,Or-Mandatory,Child,Requester,No-ME,4,Fine,0,VLT,AHEAD
ClassAssociationEdge,Or-Mandatory,Child,Requester,No-ME,4,Fine,0,VLT,AHEAD
ClassCompositionEdge,Or-Mandatory,Child,Requester,No-ME,4,Fine,0,VLT,AHEAD
ClassInterfaceEdge,Or-Mandatory,Child,Requester,No-ME,5,Fine,0,VLT,AHEAD
ClassNoteEdge,Or-Mandatory,Child,Requester,No-ME,1,Fine,0,VLT,AHEAD
SequenceDiagram,Abstract-Optional,Parent,Requester,No-ME,NA,NA,5,VLT,AHEAD
SequenceParameterNode,Or-Mandatory,Child,No-Dep,No-ME,1,Fine,0,VLT,AHEAD
SequenceCallNode,Or-Mandatory,Child,Required,No-ME,1,Fine,0,VLT,AHEAD
SequenceNoteNode,Or-Mandatory,Child,Required,No-ME,1,Fine,0,VLT,AHEAD
SequenceCallEdge,Or-Mandatory,Child,Requester,No-ME,1,Fine,0,VLT,AHEAD
SequenceReturnEdge,Or-Mandatory,Child,Requester,No-ME,1,Fine,0,VLT,AHEAD
SequenceNoteEdge,Or-Mandatory,Child,Requester,No-ME,1,Fine,0,VLT,AHEAD
StateDiagram,Abstract-Optional,Parent,Requester,No-ME,NA,NA,0,VLT,AHEAD
StateNode,Or-Mandatory,Child,Required,No-ME,54,Coarse,1,VLT,AHEAD
InitialStateNode,Or-Mandatory,Child,No-Dep,No-ME,1,Fine,0,VLT,AHEAD
FinalStateNode,Or-Mandatory,Child,No-Dep,No-ME,3,Fine,0,VLT,AHEAD
StateNoteNode,Or-Mandatory,Child,Required,No-ME,1,Fine,0,VLT,AHEAD
StateTransitionEdge,Or-Mandatory,Child,Requester,No-ME,127,Coarse,0,VLT,AHEAD
StateNoteEdge,Or-Mandatory,Child,No-Dep,No-ME,1,Fine,0,VLT,AHEAD
ObjectDiagram,Abstract-Optional,Parent,Requester,No-ME,NA,NA,5,VLT,AHEAD
ObjectNode,Or-Mandatory,Child,Required,No-ME,1,Fine,0,VLT,AHEAD
ObjectFieldNode,Or-Mandatory,Child,No-Dep,No-ME,8,Fine,0,VLT,AHEAD
ObjectNoteNode,Or-Mandatory,Child,Required,No-ME,1,Fine,0,VLT,AHEAD
ObjectReferenceEdge,Or-Mandatory,Child,Requester,No-ME,1,Fine,0,VLT,AHEAD
ObjectAssociationEdge,Or-Mandatory,Child,Requester,No-ME,3,Fine,0,VLT,AHEAD
ObjectNoteEdge,Or-Mandatory,Child,Requester,No-ME,1,Fine,0,VLT,AHEAD
UseCaseDiagram,Abstract-Optional,Parent,Requester,No-ME,NA,NA,0,VLT,AHEAD
Actor,Or-Mandatory,Child,Required,No-ME,86,Coarse,0,VLT,AHEAD
UseCaseNode,Or-Mandatory,Child,No-Dep,No-ME,43,Coarse,0,VLT,AHEAD
UseCaseNoteNode,Or-Mandatory,Child,Required,No-ME,1,Fine,0,VLT,AHEAD
UseCaseAssociationEdge,Or-Mandatory,Child,Requester,No-ME,5,Fine,0,VLT,AHEAD
ExtendRelationshipEdge,Or-Mandatory,Child,Requester,No-ME,6,Fine,0,VLT,AHEAD
IncludeRelationshipEdge,Or-Mandatory,Child,Requester,No-ME,6,Fine,0,VLT,AHEAD
UseCaseGeneralizationEdge,Or-Mandatory,Child,Requester,No-ME,5,Fine,0,VLT,AHEAD
UseCaseNoteEdge,Or-Mandatory,Child,Requester,No-ME,1,Fine,0,VLT,AHEAD
DiagramSupport,And-Optional,Child,Required,No-ME,812,Coarse,4,VLT,AHEAD
File,Abstract-Optional,Parent,Requester,No-ME,NA,NA,0,VLT,AHEAD
Exit,Or-Mandatory,Child,No-Dep,No-ME,71,Coarse,0,VLT,AHEAD
Print,Or-Mandatory,Child,No-Dep,No-ME,337,Coarse,0,VLT,AHEAD
ExportImage,Or-Mandatory,Child,Required,No-ME,102,Coarse,0,VLT,AHEAD
SaveFile,Or-Mandatory,Child,Requester,No-ME,39,Coarse,0,VLT,AHEAD
SaveAs,Or-Mandatory,Child,Required,No-ME,187,Coarse,0,VLT,AHEAD
RecentFile,Or-Mandatory,Child,Requester,No-ME,63,Coarse,0,VLT,AHEAD
OpenFile,Or-Mandatory,Child,Required,No-ME,82,Coarse,0,VLT,AHEAD
NewFile,And-Optional,Child,Requester-Required,No-ME,3,Fine,0,VLT,AHEAD
FileMenu,And-Optional,Child,Required,No-ME,3,Fine,0,VLT,AHEAD
Read,And-Optional,Child,Required,No-ME,4,Coarse,0,VLT,AHEAD
InternalFrame,And-Optional,Child,Required,No-ME,55,Coarse,0,VLT,AHEAD
FileUtility,And-Optional,Child,Required,No-ME,225,Coarse,0,VLT,AHEAD
ExtensionFilter,And-Optional,Child,Required,No-ME,48,Coarse,0,VLT,AHEAD
GraphUtility,And-Optional,Child,Required,No-ME,2751,Coarse,1,VLT,AHEAD
MenuResources,And-Optional,Child,Required,No-ME,181,Coarse,4,VLT,AHEAD
base,And-Mandatory,Child,No-Dep,No-ME,39,Coarse,0,VLT,AHEAD
User,Abstract-Mandatory,Parent,No-Dep,No-ME,NA,NA,0,RSE,CC
Speaker,And-Optional,Child,Requester,No-ME,10011,Coarse,0,RSE,CC
Organizer,And-Optional,Child,No-Dep,No-ME,1212,Coarse,0,RSE,CC
Reviewer,And-Optional,Child,No-Dep,No-ME,1219,Coarse,3,RSE,CC
Registration,Abstract-Mandatory,Parent,No-Dep,No-ME,NA,NA,4,RSE,CC
RegistrationUserActivity,Or-Mandatory,Child,No-Dep,No-ME,836,Coarse,1,RSE,CC
RegistrationSpeakerActivity,Or-Mandatory,Child,Required,No-ME,708,Coarse,1,RSE,CC
RegistrationOrganizerActivity,Or-Mandatory,Child,No-Dep,No-ME,708,Coarse,1,RSE,CC
Activity,Abstract-Mandatory,Parent,No-Dep,No-ME,NA,NA,1,RSE,CC
ActivityWorkshop,And-Optional,Child,No-Dep,No-ME,2288,Fine,5,RSE,CC
ActivityPainel,And-Optional,Child,No-Dep,No-ME,2288,Fine,5,RSE,CC
ActivityTutorial,And-Optional,Child,No-Dep,No-ME,2288,Fine,5,RSE,CC
ActivityMinicurso,And-Optional,Child,No-Dep,No-ME,2288,Fine,5,RSE,CC
ActivityMainTrack,And-Mandatory,Child,No-Dep,No-ME,2288,Fine,8,RSE,CC
Reports,Abstract-Optional,Parent,No-Dep,No-ME,NA,NA,0,RSE,CC
ReportsFrequencyperEvent,And-Optional,Child,No-Dep,No-ME,223,Coarse,2,RSE,CC
ReportsFrequencyperActivity,And-Optional,Child,No-Dep,No-ME,228,Coarse,3,RSE,CC
ReportsListofAuthors,And-Optional,Child,No-Dep,No-ME,264,Coarse,1,RSE,CC
EventReport,Abstract-Optional,Parent,No-Dep,No-ME,NA,NA,0,RSE,CC
EventImportantDates,And-Optional,Child,No-Dep,No-ME,211,Coarse,2,RSE,CC
EventProgram,And-Optional,Child,No-Dep,No-ME,179,Coarse,3,RSE,CC
Receipt,And-Optional,Child,Required,No-ME,768,Coarse,0,RSE,CC
Payment,Abstract-Optional,Child,Requester,No-ME,NA,NA,5,RSE,CC
PaymentCartao,And-Optional,Child,No-Dep,No-ME,1878,Fine,3,RSE,CC
PaymentDeposito,And-Optional,Child,No-Dep,No-ME,1878,Fine,3,RSE,CC
PaymentAvista,And-Optional,Child,No-Dep,No-ME,1878,Fine,3,RSE,CC
Notification,Abstract-Optional,Parent,No-Dep,No-ME,NA,NA,0,RSE,CC
NotificationsDeadline,And-Optional,Child,No-Dep,No-ME,68,Fine,2,RSE,CC
NotificationsAceptanceRejection,And-Optional,Child,No-Dep,No-ME,60,Fine,1,RSE,CC
NotificationsPaperAssignemnt,And-Optional,Child,No-Dep,No-ME,76,Fine,2,RSE,CC
Submission,Abstract-Optional,Parent,No-Dep,No-ME,NA,NA,10,RSE,CC
SubmissionCompleta,Or-Mandatory,Parent,No-Dep,No-ME,1517,Coarse,8,RSE,CC
Review,Abstract-Mandatory,Parent,No-Dep,No-ME,NA,NA,3,RSE,CC
ReviewRoundofReview,Alt-Mandatory,Child,No-Dep,No-ME,1887,Coarse,10,RSE,CC
ReviewSimpleReview,Alt-Mandatory,Child,No-Dep,No-ME,1887,Coarse,10,RSE,CC
Assignment,Abstract-Mandatory,Parent,No-Dep,No-ME,NA,NA,9,RSE,CC
AssignmentIndications,Abstract-Mandatory,Parent,No-Dep,No-ME,NA,NA,0,RSE,CC
AssignmentChairindication,Alt-Mandatory,Child,No-Dep,No-ME,1958,Coarse,4,RSE,CC
Assignmentautomatic,Alt-Mandatory,Child,No-Dep,No-ME,1958,Coarse,4,RSE,CC
Conflicto,Abstract-Mandatory,Parent,No-Dep,No-ME,NA,NA,0,RSE,CC
ConflictofinterestAutomatic,Alt-Mandatory,Child,No-Dep,No-ME,44,Fine,2,RSE,CC
SubmissionParcial,Or-Mandatory,Child,No-Dep,No-ME,1436,Coarse,6,RSE,CC
InsertAuthors,Or-Mandatory,Child,No-Dep,No-ME,681,Coarse,1,RSE,CC
CheckingCopy,Abstract-Optional,Parent,No-Dep,No-ME,NA,NA,8,RSE,CC
CheckingCopyAtestado,And-Optional,Child,No-Dep,No-ME,1938,Coarse,3,RSE,CC
CheckingCopyCertificado,And-Optional,Child,No-Dep,No-ME,1938,Coarse,3,RSE,CC
BugTrack,And-Optional,Child,No-Dep,No-ME,229,Coarse,1,RSE,CC
Monitor,And-Optional,Child,No-Dep,No-ME,76,Coarse,7,PVL,CIDE
Censorship,And-Optional,Child,No-Dep,No-ME,53,Coarse,1,PVL,CIDE
Replication,And-Optional,Child,No-Dep,No-ME,238,Coarse,1,PVL,CIDE
Snapshot,And-Optional,Child,No-Dep,No-ME,94,Coarse,1,PVL,CIDE
GZip,And-Optional,Child,No-Dep,No-ME,125,Coarse,2,PVL,CIDE
Timing,And-Optional,Child,No-Dep,MultuallyExclusive,34,Fine,1,LPR,CIDE
Motorola,And-Optional,Child,No-Dep,No-ME,2,Fine,0,LPR,CIDE
Screensaver,And-Optional,Child,No-Dep,No-ME,33,Coarse,4,LPR,CIDE
Send_debug1,And-Optional,Child,No-Dep,No-ME,8,Coarse,0,LPR,CIDE
UI,And-Optional,Child,No-Dep,MultuallyExclusive,24,Fine,100,LPR,CIDE
TLS,And-Optional,Child,No-Dep,MultuallyExclusive,55,Coarse,0,LPR,CIDE
Compression,And-Optional,Child,No-Dep,MultuallyExclusive,70,Coarse,2,LPR,CIDE
BXMPP,And-Optional,Child,No-Dep,MultuallyExclusive,10,Fine,17,LPR,CIDE
Glider,And-Optional,Child,No-Dep,MultuallyExclusive,9,Fine,1,LPR,CIDE
not_plain_socket,And-Optional,Child,No-Dep,No-ME,1,Fine,2,LPR,CIDE
Bluendo,And-Optional,Child,No-Dep,MultuallyExclusive,88,Coarse,7,LPR,CIDE
derivatives,Abstract-Mandatory,Parent,No-Dep,No-ME,NA,NA,0,LPR,CIDE
x_notTiming,And-Optional,Child,No-Dep,MultuallyExclusive,10,Fine,0,LPR,CIDE
x_notUI,And-Optional,Child,No-Dep,MultuallyExclusive,13,Fine,0,LPR,CIDE
x_notBXMPP,And-Optional,Child,No-Dep,MultuallyExclusive,2,Fine,0,LPR,CIDE
x_notCompression,And-Optional,Child,No-Dep,MultuallyExclusive,2,Fine,0,LPR,CIDE
x_notTLS,And-Optional,Child,No-Dep,MultuallyExclusive,2,Fine,0,LPR,CIDE
x_notGlider,And-Optional,Child,No-Dep,MultuallyExclusive,8,Fine,0,LPR,CIDE
x_not_Bluendo,And-Optional,Child,No-Dep,MultuallyExclusive,2,Fine,0,LPR,CIDE
Login,And-Mandatory,Parent,No-Dep,No-ME,NA,NA,0,CHT,CC
CadastrarUsuario,And-Mandatory,Child,No-Dep,No-ME,NA,NA,0,CHT,CC
RecuperarSenha,And-Mandatory,Parent,No-Dep,No-ME,NA,NA,0,CHT,CC
EnviarPorEmail,And-Mandatory,Child,No-Dep,No-ME,NA,NA,0,CHT,CC
MostrarNaTela,And-Optional,Child,No-Dep,No-ME,14,Fine,0,CHT,CC
Logar,And-Mandatory,Child,No-Dep,No-ME,NA,NA,0,CHT,CC
Ajuda,And-Optional,Parent,No-Dep,No-ME,536,Coarse,3,CHT,CC
EnviaComentario,And-Optional,Child,No-Dep,No-ME,246,Coarse,4,CHT,CC
ListaComentario,And-Optional,Child,No-Dep,No-ME,243,Coarse,4,CHT,CC
PoliticaPrivacidade,And-Optional,Child,No-Dep,No-ME,110,Coarse,1,CHT,CC
Sobre,And-Optional,Child,No-Dep,No-ME,110,Coarse,1,CHT,CC
Contato,And-Mandatory,Parent,No-Dep,No-ME,388,Coarse,3,CHT,CC
AdicionarContato,And-Mandatory,Parent,No-Dep,No-ME,19,Coarse,1,CHT,CC
AdicionarGrupo,And-Optional,Child,No-Dep,No-ME,30,Fine,3,CHT,CC
AlterarContato,And-Optional,Parent,No-Dep,No-ME,55,Coarse,2,CHT,CC
AlterarGrupo,And-Mandatory,Child,No-Dep,No-ME,30,Fine,5,CHT,CC
RemoverContato,And-Mandatory,Child,No-Dep,No-ME,13,Coarse,1,CHT,CC
BuscarContato,And-Optional,Child,No-Dep,No-ME,26,Fine,4,CHT,CC
ListarContatos,And-Mandatory,Child,No-Dep,No-ME,11,Coarse,2,CHT,CC
Ordenar,And-Optional,Parent,No-Dep,No-ME,35,Coarse,1,CHT,CC
OrdenaPorGrupo,And-Optional,Child,No-Dep,No-ME,12,Fine,2,CHT,CC
OrdenaPorStatus,And-Optional,Child,No-Dep,No-ME,7,Fine,2,CHT,CC
OrdenaPorEmail,And-Mandatory,Child,No-Dep,No-ME,7,Fine,1,CHT,CC
Grupo,And-Optional,Parent,No-Dep,No-ME,283,Coarse,3,CHT,CC
CadastrarGrupo,And-Mandatory,Child,No-Dep,No-ME,32,Coarse,1,CHT,CC
RemoverGrupo,And-Mandatory,Child,No-Dep,No-ME,30,Coarse,1,CHT,CC
Mensagem,And-Mandatory,Parent,No-Dep,No-ME,459,Coarse,3,CHT,CC
EnviarMensagem,And-Mandatory,Parent,No-Dep,No-ME,NA,NA,0,CHT,CC
InserirEmoction,And-Optional,Child,No-Dep,No-ME,19,Fine,0,CHT,CC
AnexarArquivo,And-Optional,Child,No-Dep,No-ME,23,Fine,0,CHT,CC
LimparHistorico,And-Optional,Child,No-Dep,No-ME,16,Fine,2,CHT,CC
Status,And-Optional,Parent,No-Dep,No-ME,76,Coarse,3,CHT,CC
VisualizarStatus,And-Mandatory,Child,No-Dep,No-ME,11,Coarse,1,CHT,CC
AlterarStatus,And-Mandatory,Child,No-Dep,No-ME,29,Coarse,1,CHT,CC
Linguagem,And-Optional,Parent,No-Dep,No-ME,10,Fine,1,CHT,CC
Portugues,Alt-Mandatory,Child,No-Dep,No-ME,1,Fine,1,CHT,CC
Ingles,Alt-Mandatory,Child,No-Dep,No-ME,1,Fine,1,CHT,CC
Logging,Abstract-Optional,Parent,No-Dep,No-ME,NA,NA,0,BKL,CIDE
Logging_Finer,And-Optional,Child,No-Dep,No-ME,82,Fine,0,BKL,CIDE
Logging_Config,And-Optional,Child,No-Dep,No-ME,93,Fine,0,BKL,CIDE
Logging_Severe,And-Optional,Child,No-Dep,No-ME,60,Fine,0,BKL,CIDE
Logging_Evictor,And-Optional,Child,No-Dep,No-ME,4,Fine,0,BKL,CIDE
Logging_Cleaner,And-Optional,Child,No-Dep,No-ME,54,Fine,0,BKL,CIDE
Logging_Recovery,And-Optional,Child,No-Dep,No-ME,53,Fine,0,BKL,CIDE
Logging_DbLogHandler,And-Optional,Child,No-Dep,No-ME,118,Coarse,0,BKL,CIDE
Logging_ConsoleHandler,And-Optional,Child,No-Dep,No-ME,8,Fine,0,BKL,CIDE
Logging_Info,And-Optional,Child,No-Dep,No-ME,28,Fine,0,BKL,CIDE
Logging_Base,Abstract-Mandatory,Child,No-Dep,No-ME,122,Coarse,0,BKL,CIDE
Logging_FileHandler,And-Optional,Child,No-Dep,No-ME,6,Fine,0,BKL,CIDE
Logging_Fine,And-Optional,Child,No-Dep,No-ME,118,Fine,0,BKL,CIDE
Logging_Finest,And-Optional,Child,No-Dep,No-ME,327,Coarse,0,BKL,CIDE
ConcurrTrans,Abstract-Mandatory,Parent,No-Dep,No-ME,NA,NA,0,BKL,CIDE
Latches,And-Optional,Child,Required,No-ME,3484,Coarse,0,BKL,CIDE
Transactions,And-Optional,Child,No-Dep,No-ME,503,Coarse,0,BKL,CIDE
CheckLeaks,And-Optional,Child,No-Dep,No-ME,35,Fine,0,BKL,CIDE
FSync,And-Optional,Child,No-Dep,No-ME,180,Coarse,0,BKL,CIDE
Persistance,Abstract-Mandatory,Parent,No-Dep,No-ME,NA,NA,0,BKL,CIDE
Checksum,And-Optional,Child,No-Dep,No-ME,127,Coarse,0,BKL,CIDE
IIO,Abstract-Mandatory,Parent,No-Dep,No-ME,NA,NA,0,BKL,CIDE
OldIO,Abstract-Mandatory,Parent,No-Dep,No-ME,NA,NA,0,BKL,CIDE
SynchronizedIO,And-Optional,Child,No-Dep,No-ME,10,Fine,0,BKL,CIDE
IO,And-Mandatory,Child,No-Dep,No-ME,38,Coarse,0,BKL,CIDE
NewIO,Abstract-Mandatory,Parent,No-Dep,No-ME,NA,NA,0,BKL,CIDE
NIOAccess,Abstract-Mandatory,Parent,No-Dep,No-ME,NA,NA,0,BKL,CIDE
ChunkedNIO,Alt-Mandatory,Child,No-Dep,No-ME,4,Fine,0,BKL,CIDE
NIO,Alt-Mandatory,Child,No-Dep,No-ME,20,Fine,0,BKL,CIDE
DirectNIO,And-Optional,Child,No-Dep,No-ME,13,Fine,0,BKL,CIDE
Environment_Locking,And-Optional,Child,No-Dep,No-ME,112,Coarse,0,BKL,CIDE
Checkpointer,Abstract-Mandatory,Parent,No-Dep,No-ME,NA,NA,0,BKL,CIDE
CP_Bytes,And-Optional,Child,Requester,No-ME,57,Coarse,0,BKL,CIDE
CP_Time,And-Optional,Child,Required,No-ME,56,Coarse,0,BKL,CIDE
Checkpointer_Daemon,And-Optional,Child,No-Dep,No-ME,42,Coarse,0,BKL,CIDE
DiskFullErro,And-Optional,Child,No-Dep,No-ME,30,Coarse,0,BKL,CIDE
FileHandleCache,And-Optional,Child,No-Dep,No-ME,138,Coarse,0,BKL,CIDE
IICleaner,Abstract-Mandatory,Parent,No-Dep,No-ME,NA,NA,0,BKL,CIDE
CleanerDaemon,And-Optional,Child,No-Dep,No-ME,60,Coarse,0,BKL,CIDE
Cleaner,And-Mandatory,Child,No-Dep,No-ME,3102,Coarse,11,BKL,CIDE
LookAHEADCache,And-Optional,Child,Requester,No-ME,87,Coarse,0,BKL,CIDE
Statistics,And-Optional,Child,No-Dep,No-ME,2376,Coarse,0,BKL,CIDE
BTree,Abstract-Mandatory,Parent,No-Dep,No-ME,NA,NA,0,BKL,CIDE
INCompressor,And-Optional,Child,Required,No-ME,646,Coarse,0,BKL,CIDE
IEvictor,Abstract-Optional,Parent,No-Dep,No-ME,NA,NA,0,BKL,CIDE
Critical_Eviction,And-Optional,Child,Requester,No-ME,8,Fine,0,BKL,CIDE
EvictorDaemon,And-Optional,Child,Requester,No-ME,26,Fine,0,BKL,CIDE
Evictor,And-Mandatory,Child,Requester-Required,No-ME,760,Coarse,0,BKL,CIDE
Verifier,And-Optional,Child,Requester,No-ME,199,Coarse,0,BKL,CIDE
Ops,Abstract-Mandatory,Parent,No-Dep,No-ME,NA,NA,0,BKL,CIDE
DeleteOp,And-Optional,Child,Requester-Required,No-ME,391,Coarse,0,BKL,CIDE
RenameOp,And-Optional,Child,No-Dep,No-ME,58,Coarse,0,BKL,CIDE
TruncateOp,And-Optional,Child,Requester,No-ME,254,Coarse,0,BKL,CIDE
Memory_Budget,And-Optional,Child,Requester-Required,No-ME,1275,Coarse,0,BKL,CIDE